[
    {"model": "AppUser.customuser", "pk": 4, "fields": {"password": "pbkdf2_sha256$320000$BFQ9BjtjdFVMKQJZ8OzS7Y$PxlALDDlhr3ac8633Ksh5YNvs8dOrkK7GFJDM63hbAI=", "deleted": false, "suspended": false, "username": "admin", "firstname": null, "lastname": null, "email": "", "birthdate": null, "phonel": null, "phone2": null, "institution": null, "department": null, "address": null, "city": null, "firstlogin": null, "lastlogin": null, "lastip": null, "picture": 0, "description": "", "timecreated": "2022-05-23T16:21:18.130Z", "timemodified": "2022-05-26T17:45:59.605Z", "imagealt": null, "is_staff": true, "is_active": true, "is_superuser": true, "last_login": "2022-06-23T16:34:56.427Z", "date_joined": "2022-05-23T16:21:18.130Z", "user_type": 4, "groups": [], "user_permissions": []}},
    {"model": "AppUser.customuser", "pk": 39, "fields": {"password": "pbkdf2_sha256$320000$lVa2lQCyRb0OFFGzsvFS5Q$gUOohnyXfAIk29ZhlMoLzGOIiEUlvtE6tHg95EIlCEY=", "deleted": false, "suspended": false, "username": "profe1", "firstname": "profe1", "lastname": "prof1", "email": "pac@email1.com", "birthdate": null, "phonel": null, "phone2": null, "institution": null, "department": null, "address": null, "city": null, "firstlogin": null, "lastlogin": null, "lastip": null, "picture": 0, "description": "", "timecreated": "2022-05-23T16:21:18.130Z", "timemodified": "2022-06-29T15:16:02.998Z", "imagealt": null, "is_staff": false, "is_active": true, "is_superuser": false, "last_login": null, "date_joined": "2022-05-23T16:21:18.130Z", "user_type": 1, "groups": [], "user_permissions": []}},
    {"model": "AppUser.customuser", "pk": 40, "fields": {"password": "pbkdf2_sha256$320000$DJ8AOj3CdMlukSWqybb8NI$z6Y/i1RhTvgVN0+/+/PuS/5qhLbJrpwd5YZjO+qKHJw=", "deleted": false, "suspended": false, "username": "user1", "firstname": "juan", "lastname": "juanin", "email": "pac@email2.com", "birthdate": null, "phonel": null, "phone2": null, "institution": null, "department": null, "address": null, "city": null, "firstlogin": null, "lastlogin": null, "lastip": null, "picture": 0, "description": "", "timecreated": "2022-05-24T15:45:00.518Z", "timemodified": "2022-06-29T15:29:39.637Z", "imagealt": null, "is_staff": false, "is_active": true, "is_superuser": false, "last_login": null, "date_joined": "2022-05-24T15:45:00.518Z", "user_type": 1, "groups": [], "user_permissions": []}},
    {"model": "AppUser.customuser", "pk": 41, "fields": {"password": "pbkdf2_sha256$320000$vzHF2qvqImL8Isl2B1NCXr$BuhffMQCW4yagqWPcpbywDggMdZYCqOlDbnbA90ub78=", "deleted": false, "suspended": false, "username": "user2", "firstname": "jorge", "lastname": "jorgeto", "email": "pac@email3.com", "birthdate": null, "phonel": null, "phone2": null, "institution": null, "department": null, "address": null, "city": null, "firstlogin": null, "lastlogin": null, "lastip": null, "picture": 0, "description": "", "timecreated": "2022-05-24T15:45:00.523Z", "timemodified": "2022-06-29T15:29:39.796Z", "imagealt": null, "is_staff": false, "is_active": true, "is_superuser": false, "last_login": null, "date_joined": "2022-05-24T15:45:00.523Z", "user_type": 1, "groups": [], "user_permissions": []}},
    {"model": "AppUser.customuser", "pk": 42, "fields": {"password": "pbkdf2_sha256$320000$i02f08GM4Ic9lxjZlQPcIv$JuN5wmFq93Ype2XwGC9Xkwwc80KtVWI1qOXgBb/1JmQ=", "deleted": false, "suspended": false, "username": "user3", "firstname": "manuel", "lastname": "manolo", "email": "pac@email4.com", "birthdate": null, "phonel": null, "phone2": null, "institution": null, "department": null, "address": null, "city": null, "firstlogin": null, "lastlogin": null, "lastip": null, "picture": 0, "description": "", "timecreated": "2022-05-24T15:45:00.528Z", "timemodified": "2022-06-29T15:29:39.955Z", "imagealt": null, "is_staff": false, "is_active": true, "is_superuser": false, "last_login": null, "date_joined": "2022-05-24T15:45:00.528Z", "user_type": 1, "groups": [], "user_permissions": []}},
    {"model": "AppUser.customuser", "pk": 43, "fields": {"password": "pbkdf2_sha256$320000$hE1p9yzVclgEkd010TbPuq$PmMl58i1xfEozJtlQ2r3OID33hAL0RzRTwumGovhHdM=", "deleted": false, "suspended": false, "username": "user4", "firstname": "pork", "lastname": "chop", "email": "pac@email5.com", "birthdate": null, "phonel": null, "phone2": null, "institution": null, "department": null, "address": null, "city": null, "firstlogin": null, "lastlogin": null, "lastip": null, "picture": 0, "description": "", "timecreated": "2022-05-27T18:52:07.506Z", "timemodified": "2022-06-29T15:29:40.110Z", "imagealt": null, "is_staff": false, "is_active": true, "is_superuser": false, "last_login": null, "date_joined": "2022-05-27T18:52:07.506Z", "user_type": 1, "groups": [], "user_permissions": []}},
    {"model": "AppUser.customuser", "pk": 44, "fields": {"password": "pbkdf2_sha256$320000$HqGlQpkCahNC3NnRYPHeZO$GG3mk2M3NdmFU8otMyflHSGGV6YFDWjAFGWdlVOkKbo=", "deleted": false, "suspended": false, "username": "profe2", "firstname": "profe2", "lastname": "prof2", "email": "pac@email6.com", "birthdate": null, "phonel": null, "phone2": null, "institution": null, "department": null, "address": null, "city": null, "firstlogin": null, "lastlogin": null, "lastip": null, "picture": 0, "description": "", "timecreated": "2022-05-23T16:21:18.130Z", "timemodified": "2022-06-29T15:16:03.699Z", "imagealt": null, "is_staff": false, "is_active": true, "is_superuser": false, "last_login": null, "date_joined": "2022-05-23T16:21:18.130Z", "user_type": 1, "groups": [], "user_permissions": []}},
    {"model": "AppUser.customuser", "pk": 45, "fields": {"password": "pbkdf2_sha256$320000$Q54O01qFupsK2gtjDSqzeL$n6GlqMPZaW8aLmtFroAaArPPnjnQze0HumPWZl4L/IU=", "deleted": false, "suspended": false, "username": "user5", "firstname": "juan", "lastname": "juanin", "email": "pac@email7.com", "birthdate": null, "phonel": null, "phone2": null, "institution": null, "department": null, "address": null, "city": null, "firstlogin": null, "lastlogin": null, "lastip": null, "picture": 0, "description": "", "timecreated": "2022-05-24T15:45:00.518Z", "timemodified": "2022-06-29T15:29:40.265Z", "imagealt": null, "is_staff": false, "is_active": true, "is_superuser": false, "last_login": null, "date_joined": "2022-05-24T15:45:00.518Z", "user_type": 1, "groups": [], "user_permissions": []}},
    {"model": "AppUser.customuser", "pk": 46, "fields": {"password": "pbkdf2_sha256$320000$I7GFmjuHIJoeCZc7Tpintg$F9UUfXtNhLag0SJ/jelB+QMaMI/2ptKOghjo8SE/jUc=", "deleted": false, "suspended": false, "username": "user6", "firstname": "jorge", "lastname": "jorgeto", "email": "pac@email8.com", "birthdate": null, "phonel": null, "phone2": null, "institution": null, "department": null, "address": null, "city": null, "firstlogin": null, "lastlogin": null, "lastip": null, "picture": 0, "description": "", "timecreated": "2022-05-24T15:45:00.523Z", "timemodified": "2022-06-29T15:29:40.438Z", "imagealt": null, "is_staff": false, "is_active": true, "is_superuser": false, "last_login": null, "date_joined": "2022-05-24T15:45:00.523Z", "user_type": 1, "groups": [], "user_permissions": []}},
    {"model": "AppUser.customuser", "pk": 47, "fields": {"password": "pbkdf2_sha256$320000$0WGir8Ji5IUL0l8S22Hji7$MI0JSOK2WyOhGikNWg2eeEZX+BFTSkSBD1Ry96RUUgE=", "deleted": false, "suspended": false, "username": "user7", "firstname": "manuel", "lastname": "manolo", "email": "pac@email9.com", "birthdate": null, "phonel": null, "phone2": null, "institution": null, "department": null, "address": null, "city": null, "firstlogin": null, "lastlogin": null, "lastip": null, "picture": 0, "description": "", "timecreated": "2022-05-24T15:45:00.528Z", "timemodified": "2022-06-29T15:29:40.609Z", "imagealt": null, "is_staff": false, "is_active": true, "is_superuser": false, "last_login": null, "date_joined": "2022-05-24T15:45:00.528Z", "user_type": 1, "groups": [], "user_permissions": []}},
    {"model": "AppUser.customuser", "pk": 48, "fields": {"password": "pbkdf2_sha256$320000$iZTU0tpAPJou2iIjKOnxvF$Ywaz7GGz+eHe6KoVp3C9+ydcGl8cLZLfkKXdusAHmDc=", "deleted": false, "suspended": false, "username": "user8", "firstname": "pork", "lastname": "chop", "email": "pac@email10.com", "birthdate": null, "phonel": null, "phone2": null, "institution": null, "department": null, "address": null, "city": null, "firstlogin": null, "lastlogin": null, "lastip": null, "picture": 0, "description": "", "timecreated": "2022-05-27T18:52:07.506Z", "timemodified": "2022-06-29T15:29:40.768Z", "imagealt": null, "is_staff": false, "is_active": true, "is_superuser": false, "last_login": null, "date_joined": "2022-05-27T18:52:07.506Z", "user_type": 1, "groups": [], "user_permissions": []}},
    {"model": "AppUser.customuser", "pk": 49, "fields": {"password": "pbkdf2_sha256$320000$pQ8czsXpVKIUnDlMMBqc6T$c5EVStscDT5jjk46D5hbmVIkLS/1qRBVLreUHb6Owi4=", "deleted": false, "suspended": false, "username": "profe3", "firstname": "profe3", "lastname": "prof3", "email": "pac@email11.com", "birthdate": null, "phonel": null, "phone2": null, "institution": null, "department": null, "address": null, "city": null, "firstlogin": null, "lastlogin": null, "lastip": null, "picture": 0, "description": "", "timecreated": "2022-05-23T16:21:18.130Z", "timemodified": "2022-06-29T15:16:04.404Z", "imagealt": null, "is_staff": false, "is_active": true, "is_superuser": false, "last_login": null, "date_joined": "2022-05-23T16:21:18.130Z", "user_type": 1, "groups": [], "user_permissions": []}},
    {"model": "AppUser.customuser", "pk": 50, "fields": {"password": "pbkdf2_sha256$320000$9qwYzw1GqRybCGR4IKiPG5$Zt84DO9fi64tQvLAq0sUumUSaAVUSMqmfiumwCAGWHE=", "deleted": false, "suspended": false, "username": "user9", "firstname": "juan", "lastname": "juanin", "email": "pac@email12.com", "birthdate": null, "phonel": null, "phone2": null, "institution": null, "department": null, "address": null, "city": null, "firstlogin": null, "lastlogin": null, "lastip": null, "picture": 0, "description": "", "timecreated": "2022-05-24T15:45:00.518Z", "timemodified": "2022-06-29T15:29:40.929Z", "imagealt": null, "is_staff": false, "is_active": true, "is_superuser": false, "last_login": null, "date_joined": "2022-05-24T15:45:00.518Z", "user_type": 1, "groups": [], "user_permissions": []}},
    {"model": "AppUser.customuser", "pk": 51, "fields": {"password": "pbkdf2_sha256$320000$S9LoEvJvYontqxKPUg460P$G82U4564t2ASMo62a6upNzq+8Pddhmt7g9xnBG1Y6es=", "deleted": false, "suspended": false, "username": "user10", "firstname": "jorge", "lastname": "jorgeto", "email": "pac@email13.com", "birthdate": null, "phonel": null, "phone2": null, "institution": null, "department": null, "address": null, "city": null, "firstlogin": null, "lastlogin": null, "lastip": null, "picture": 0, "description": "", "timecreated": "2022-05-24T15:45:00.523Z", "timemodified": "2022-06-29T15:29:41.091Z", "imagealt": null, "is_staff": false, "is_active": true, "is_superuser": false, "last_login": null, "date_joined": "2022-05-24T15:45:00.523Z", "user_type": 1, "groups": [], "user_permissions": []}},
    {"model": "AppUser.customuser", "pk": 52, "fields": {"password": "pbkdf2_sha256$320000$BmYDh1xrhWdgCtPJRU41G0$KfaVz0Y618X+HcJYzv0cPqWOR1IJrAzXvQIA6jGqaLY=", "deleted": false, "suspended": false, "username": "user11", "firstname": "manuel", "lastname": "manolo", "email": "pac@email14.com", "birthdate": null, "phonel": null, "phone2": null, "institution": null, "department": null, "address": null, "city": null, "firstlogin": null, "lastlogin": null, "lastip": null, "picture": 0, "description": "", "timecreated": "2022-05-24T15:45:00.528Z", "timemodified": "2022-06-29T15:29:41.250Z", "imagealt": null, "is_staff": false, "is_active": true, "is_superuser": false, "last_login": null, "date_joined": "2022-05-24T15:45:00.528Z", "user_type": 1, "groups": [], "user_permissions": []}},
    {"model": "AppUser.customuser", "pk": 53, "fields": {"password": "pbkdf2_sha256$320000$sZWivDc0mHFNr6UXI2FcJ5$gT89g7B+HBzuKYKIH8Hsc0nVVjSsrOfQ24a5Z+HePOY=", "deleted": false, "suspended": false, "username": "user12", "firstname": "pork", "lastname": "chop", "email": "pac@email15.com", "birthdate": null, "phonel": null, "phone2": null, "institution": null, "department": null, "address": null, "city": null, "firstlogin": null, "lastlogin": null, "lastip": null, "picture": 0, "description": "", "timecreated": "2022-05-27T18:52:07.506Z", "timemodified": "2022-06-29T15:29:41.414Z", "imagealt": null, "is_staff": false, "is_active": true, "is_superuser": false, "last_login": null, "date_joined": "2022-05-27T18:52:07.506Z", "user_type": 1, "groups": [], "user_permissions": []}},
    {"model": "AppUser.customuser", "pk": 54, "fields": {"password": "pbkdf2_sha256$320000$GfGMWAWfJkxaQoUhqPLSvQ$2lgMAPgKp+jnLJ+9shXUcIxWf/5rtJ8sg/AA/BF27Fg=", "deleted": false, "suspended": false, "username": "profe4", "firstname": "profe4", "lastname": "prof4", "email": "pac@email16.com", "birthdate": null, "phonel": null, "phone2": null, "institution": null, "department": null, "address": null, "city": null, "firstlogin": null, "lastlogin": null, "lastip": null, "picture": 0, "description": "", "timecreated": "2022-05-23T16:21:18.130Z", "timemodified": "2022-06-29T15:16:05.097Z", "imagealt": null, "is_staff": false, "is_active": true, "is_superuser": false, "last_login": null, "date_joined": "2022-05-23T16:21:18.130Z", "user_type": 1, "groups": [], "user_permissions": []}},
    {"model": "AppUser.customuser", "pk": 55, "fields": {"password": "pbkdf2_sha256$320000$A9fFJ6xV1AJ6f3TI35WZ9t$+0gkwAEbf23SBzTxF276+UPA1eFCelLBHdURrVZ5/w4=", "deleted": false, "suspended": false, "username": "user13", "firstname": "juan", "lastname": "juanin", "email": "pac@email17.com", "birthdate": null, "phonel": null, "phone2": null, "institution": null, "department": null, "address": null, "city": null, "firstlogin": null, "lastlogin": null, "lastip": null, "picture": 0, "description": "", "timecreated": "2022-05-24T15:45:00.518Z", "timemodified": "2022-06-29T15:29:41.573Z", "imagealt": null, "is_staff": false, "is_active": true, "is_superuser": false, "last_login": null, "date_joined": "2022-05-24T15:45:00.518Z", "user_type": 1, "groups": [], "user_permissions": []}},
    {"model": "AppUser.customuser", "pk": 56, "fields": {"password": "pbkdf2_sha256$320000$I2TBLP4jo6HNQRySQD3wxs$h/VTMnSzEk9uH+OjkkF/UQy950lwnVUP1W+QV5TVlWE=", "deleted": false, "suspended": false, "username": "user14", "firstname": "jorge", "lastname": "jorgeto", "email": "pac@email18.com", "birthdate": null, "phonel": null, "phone2": null, "institution": null, "department": null, "address": null, "city": null, "firstlogin": null, "lastlogin": null, "lastip": null, "picture": 0, "description": "", "timecreated": "2022-05-24T15:45:00.523Z", "timemodified": "2022-06-29T15:29:41.733Z", "imagealt": null, "is_staff": false, "is_active": true, "is_superuser": false, "last_login": null, "date_joined": "2022-05-24T15:45:00.523Z", "user_type": 1, "groups": [], "user_permissions": []}},
    {"model": "AppUser.customuser", "pk": 57, "fields": {"password": "pbkdf2_sha256$320000$KssOzoTc9GKyZbu093n5LT$guUgm2V65IXS7PpNBHcdIfpevQqsHAQvRNsN9cfD9yA=", "deleted": false, "suspended": false, "username": "user15", "firstname": "manuel", "lastname": "manolo", "email": "pac@email19.com", "birthdate": null, "phonel": null, "phone2": null, "institution": null, "department": null, "address": null, "city": null, "firstlogin": null, "lastlogin": null, "lastip": null, "picture": 0, "description": "", "timecreated": "2022-05-24T15:45:00.528Z", "timemodified": "2022-06-29T15:29:41.894Z", "imagealt": null, "is_staff": false, "is_active": true, "is_superuser": false, "last_login": null, "date_joined": "2022-05-24T15:45:00.528Z", "user_type": 1, "groups": [], "user_permissions": []}},
    {"model": "AppUser.customuser", "pk": 58, "fields": {"password": "pbkdf2_sha256$320000$7jnGqSryATB8VyYqkjUHdx$PeOAlsVpMs7LZOKzArA+nvI5X7mDug5xGxqxD2Pjx9E=", "deleted": false, "suspended": false, "username": "user16", "firstname": "pork", "lastname": "chop", "email": "pac@email20.com", "birthdate": null, "phonel": null, "phone2": null, "institution": null, "department": null, "address": null, "city": null, "firstlogin": null, "lastlogin": null, "lastip": null, "picture": 0, "description": "", "timecreated": "2022-05-27T18:52:07.506Z", "timemodified": "2022-06-29T15:29:42.056Z", "imagealt": null, "is_staff": false, "is_active": true, "is_superuser": false, "last_login": null, "date_joined": "2022-05-27T18:52:07.506Z", "user_type": 1, "groups": [], "user_permissions": []}},
    {"model": "AppUser.customuser", "pk": 59, "fields": {"password": "pbkdf2_sha256$320000$2N5Vir1cZBfLbjFCQCuseE$+tJn1u+xJdOP0Z4O2PbCc+iwAa1EFAdvbvVT2rM4XcA=", "deleted": false, "suspended": false, "username": "profe5", "firstname": "profe5", "lastname": "prof5", "email": "pac@email21.com", "birthdate": null, "phonel": null, "phone2": null, "institution": null, "department": null, "address": null, "city": null, "firstlogin": null, "lastlogin": null, "lastip": null, "picture": 0, "description": "", "timecreated": "2022-05-23T16:21:18.130Z", "timemodified": "2022-06-29T15:16:05.800Z", "imagealt": null, "is_staff": false, "is_active": true, "is_superuser": false, "last_login": null, "date_joined": "2022-05-23T16:21:18.130Z", "user_type": 1, "groups": [], "user_permissions": []}},
    {"model": "AppUser.customuser", "pk": 60, "fields": {"password": "pbkdf2_sha256$320000$mK4wFe4tM7Go7Ij0ziEmKj$kWSo4d7wGmNgQMuIWMrqPowUhCX6VXziTkmkmhBmMQk=", "deleted": false, "suspended": false, "username": "user17", "firstname": "juan", "lastname": "juanin", "email": "pac@email22.com", "birthdate": null, "phonel": null, "phone2": null, "institution": null, "department": null, "address": null, "city": null, "firstlogin": null, "lastlogin": null, "lastip": null, "picture": 0, "description": "", "timecreated": "2022-05-24T15:45:00.518Z", "timemodified": "2022-06-29T15:29:42.213Z", "imagealt": null, "is_staff": false, "is_active": true, "is_superuser": false, "last_login": null, "date_joined": "2022-05-24T15:45:00.518Z", "user_type": 1, "groups": [], "user_permissions": []}},
    {"model": "AppUser.customuser", "pk": 61, "fields": {"password": "pbkdf2_sha256$320000$uKpmdvmWU0hTe257Jxb8r5$c1KRCz4lkCJ17Uwl50C8jWF0zX9GdLeBQM6D8xZ51Zo=", "deleted": false, "suspended": false, "username": "user18", "firstname": "jorge", "lastname": "jorgeto", "email": "pac@email23.com", "birthdate": null, "phonel": null, "phone2": null, "institution": null, "department": null, "address": null, "city": null, "firstlogin": null, "lastlogin": null, "lastip": null, "picture": 0, "description": "", "timecreated": "2022-05-24T15:45:00.523Z", "timemodified": "2022-06-29T15:29:42.369Z", "imagealt": null, "is_staff": false, "is_active": true, "is_superuser": false, "last_login": null, "date_joined": "2022-05-24T15:45:00.523Z", "user_type": 1, "groups": [], "user_permissions": []}},
    {"model": "AppUser.customuser", "pk": 62, "fields": {"password": "pbkdf2_sha256$320000$G4yKc7Ge1z90tq0jIesRCW$+BM8t3AZZh93YLF0uJwytEJVIsdG9tE+yeMk6eEn9g4=", "deleted": false, "suspended": false, "username": "user19", "firstname": "manuel", "lastname": "manolo", "email": "pac@email24.com", "birthdate": null, "phonel": null, "phone2": null, "institution": null, "department": null, "address": null, "city": null, "firstlogin": null, "lastlogin": null, "lastip": null, "picture": 0, "description": "", "timecreated": "2022-05-24T15:45:00.528Z", "timemodified": "2022-06-29T15:29:42.526Z", "imagealt": null, "is_staff": false, "is_active": true, "is_superuser": false, "last_login": null, "date_joined": "2022-05-24T15:45:00.528Z", "user_type": 1, "groups": [], "user_permissions": []}},
    {"model": "AppUser.customuser", "pk": 63, "fields": {"password": "pbkdf2_sha256$320000$NNQT0QPMgD6BcmLBFnuVhW$7ZcV2VFuJG0iZyj4ilA90IIgrxt+1RYoR0pVjk5UrfE=", "deleted": false, "suspended": false, "username": "user20", "firstname": "pork", "lastname": "chop", "email": "pac@email25.com", "birthdate": null, "phonel": null, "phone2": null, "institution": null, "department": null, "address": null, "city": null, "firstlogin": null, "lastlogin": null, "lastip": null, "picture": 0, "description": "", "timecreated": "2022-05-27T18:52:07.506Z", "timemodified": "2022-06-29T15:29:42.688Z", "imagealt": null, "is_staff": false, "is_active": true, "is_superuser": false, "last_login": null, "date_joined": "2022-05-27T18:52:07.506Z", "user_type": 1, "groups": [], "user_permissions": []}},
    {"model": "AppUser.customuser", "pk": 64, "fields": {"password": "pbkdf2_sha256$320000$damrcAwWQwSxoRD08WwGJq$9UcFC6N5Lm5UFtNWzLV7gE9DR8bBsdMVugDbG8yzxlo=", "deleted": false, "suspended": false, "username": "profe6", "firstname": "profe6", "lastname": "prof6", "email": "pac@email26.com", "birthdate": null, "phonel": null, "phone2": null, "institution": null, "department": null, "address": null, "city": null, "firstlogin": null, "lastlogin": null, "lastip": null, "picture": 0, "description": "", "timecreated": "2022-05-23T16:21:18.130Z", "timemodified": "2022-06-29T15:16:06.507Z", "imagealt": null, "is_staff": false, "is_active": true, "is_superuser": false, "last_login": null, "date_joined": "2022-05-23T16:21:18.130Z", "user_type": 1, "groups": [], "user_permissions": []}},
    {"model": "AppUser.customuser", "pk": 65, "fields": {"password": "pbkdf2_sha256$320000$SJAoyqg0cZEdU7SZZ9ys7e$9ULv1Gl+eyFlA2LDFcm/8hJZG0K92K9BIdjs4fce8YE=", "deleted": false, "suspended": false, "username": "user21", "firstname": "juan", "lastname": "juanin", "email": "pac@email27.com", "birthdate": null, "phonel": null, "phone2": null, "institution": null, "department": null, "address": null, "city": null, "firstlogin": null, "lastlogin": null, "lastip": null, "picture": 0, "description": "", "timecreated": "2022-05-24T15:45:00.518Z", "timemodified": "2022-06-29T15:29:42.850Z", "imagealt": null, "is_staff": false, "is_active": true, "is_superuser": false, "last_login": null, "date_joined": "2022-05-24T15:45:00.518Z", "user_type": 1, "groups": [], "user_permissions": []}},
    {"model": "AppUser.customuser", "pk": 66, "fields": {"password": "pbkdf2_sha256$320000$uixSGd0pvruSXRfJp6qyBE$zCOcHnE0mMKKtTZ8Qv4ygfA/tuQQVDjGZcWfzvrcACM=", "deleted": false, "suspended": false, "username": "user22", "firstname": "jorge", "lastname": "jorgeto", "email": "pac@email28.com", "birthdate": null, "phonel": null, "phone2": null, "institution": null, "department": null, "address": null, "city": null, "firstlogin": null, "lastlogin": null, "lastip": null, "picture": 0, "description": "", "timecreated": "2022-05-24T15:45:00.523Z", "timemodified": "2022-06-29T15:29:43.012Z", "imagealt": null, "is_staff": false, "is_active": true, "is_superuser": false, "last_login": null, "date_joined": "2022-05-24T15:45:00.523Z", "user_type": 1, "groups": [], "user_permissions": []}},
    {"model": "AppUser.customuser", "pk": 67, "fields": {"password": "pbkdf2_sha256$320000$u3f2bVq99J9CjHbYGfmrMh$Y7vzpYHtn78DPXQIgu2QwYSRCnrbB0dBkKcc6hoIqLU=", "deleted": false, "suspended": false, "username": "user23", "firstname": "manuel", "lastname": "manolo", "email": "pac@email29.com", "birthdate": null, "phonel": null, "phone2": null, "institution": null, "department": null, "address": null, "city": null, "firstlogin": null, "lastlogin": null, "lastip": null, "picture": 0, "description": "", "timecreated": "2022-05-24T15:45:00.528Z", "timemodified": "2022-06-29T15:29:43.171Z", "imagealt": null, "is_staff": false, "is_active": true, "is_superuser": false, "last_login": null, "date_joined": "2022-05-24T15:45:00.528Z", "user_type": 1, "groups": [], "user_permissions": []}},
    {"model": "AppUser.customuser", "pk": 68, "fields": {"password": "pbkdf2_sha256$320000$2ForJg3rbRn18PbNaJUoFN$tvGr/2iAuj5P3d/yDaQbJX/OrBI/JJ1KZbJVC84BXe4=", "deleted": false, "suspended": false, "username": "user24", "firstname": "pork", "lastname": "chop", "email": "pac@email30.com", "birthdate": null, "phonel": null, "phone2": null, "institution": null, "department": null, "address": null, "city": null, "firstlogin": null, "lastlogin": null, "lastip": null, "picture": 0, "description": "", "timecreated": "2022-05-27T18:52:07.506Z", "timemodified": "2022-06-29T15:29:43.334Z", "imagealt": null, "is_staff": false, "is_active": true, "is_superuser": false, "last_login": null, "date_joined": "2022-05-27T18:52:07.506Z", "user_type": 1, "groups": [], "user_permissions": []}},
    {"model": "AppUser.customuser", "pk": 69, "fields": {"password": "pbkdf2_sha256$320000$2fLEwnrkbpU7fAEMaHqGYz$y2Rps67bqxcTI+1WogJqpEtwRQE4gOSAn0Je7dO7grs=", "deleted": false, "suspended": false, "username": "profe7", "firstname": "profe7", "lastname": "prof7", "email": "pac@email31.com", "birthdate": null, "phonel": null, "phone2": null, "institution": null, "department": null, "address": null, "city": null, "firstlogin": null, "lastlogin": null, "lastip": null, "picture": 0, "description": "", "timecreated": "2022-05-23T16:21:18.130Z", "timemodified": "2022-06-29T15:16:07.219Z", "imagealt": null, "is_staff": false, "is_active": true, "is_superuser": false, "last_login": null, "date_joined": "2022-05-23T16:21:18.130Z", "user_type": 1, "groups": [], "user_permissions": []}},
    {"model": "AppUser.customuser", "pk": 70, "fields": {"password": "pbkdf2_sha256$320000$5LUADHpN5ri4uj6VQTym1u$K8CBFjVXHqoQXqh95GVjVJpo74mlMYC06WxcPt+DcH8=", "deleted": false, "suspended": false, "username": "user25", "firstname": "juan", "lastname": "juanin", "email": "pac@email32.com", "birthdate": null, "phonel": null, "phone2": null, "institution": null, "department": null, "address": null, "city": null, "firstlogin": null, "lastlogin": null, "lastip": null, "picture": 0, "description": "", "timecreated": "2022-05-24T15:45:00.518Z", "timemodified": "2022-06-29T15:29:43.498Z", "imagealt": null, "is_staff": false, "is_active": true, "is_superuser": false, "last_login": null, "date_joined": "2022-05-24T15:45:00.518Z", "user_type": 1, "groups": [], "user_permissions": []}},
    {"model": "AppUser.customuser", "pk": 71, "fields": {"password": "pbkdf2_sha256$320000$pUEhUNGmjhchx0rPnShcMi$CXGpR/P/GXDFsyE0t2mWQ8tcDiTbzYOdKP6QtRbDVZg=", "deleted": false, "suspended": false, "username": "user26", "firstname": "jorge", "lastname": "jorgeto", "email": "pac@email33.com", "birthdate": null, "phonel": null, "phone2": null, "institution": null, "department": null, "address": null, "city": null, "firstlogin": null, "lastlogin": null, "lastip": null, "picture": 0, "description": "", "timecreated": "2022-05-24T15:45:00.523Z", "timemodified": "2022-06-29T15:29:43.658Z", "imagealt": null, "is_staff": false, "is_active": true, "is_superuser": false, "last_login": null, "date_joined": "2022-05-24T15:45:00.523Z", "user_type": 1, "groups": [], "user_permissions": []}},
    {"model": "AppUser.customuser", "pk": 72, "fields": {"password": "pbkdf2_sha256$320000$cAOPFgp8VBjVBewvvqPAlM$iAE8m7f5I2qvTjgdPhadPXszoenWDlb5lO2stdN7bnw=", "deleted": false, "suspended": false, "username": "user27", "firstname": "manuel", "lastname": "manolo", "email": "pac@email34.com", "birthdate": null, "phonel": null, "phone2": null, "institution": null, "department": null, "address": null, "city": null, "firstlogin": null, "lastlogin": null, "lastip": null, "picture": 0, "description": "", "timecreated": "2022-05-24T15:45:00.528Z", "timemodified": "2022-06-29T15:29:43.818Z", "imagealt": null, "is_staff": false, "is_active": true, "is_superuser": false, "last_login": null, "date_joined": "2022-05-24T15:45:00.528Z", "user_type": 1, "groups": [], "user_permissions": []}},
    {"model": "AppUser.customuser", "pk": 73, "fields": {"password": "pbkdf2_sha256$320000$0Vu6kwZs6GImKMFPXVEYi2$CAU+w7wSY0kFkJs3kN95N8xG6P5jAazOsTEAghoj/HQ=", "deleted": false, "suspended": false, "username": "user28", "firstname": "pork", "lastname": "chop", "email": "pac@email35.com", "birthdate": null, "phonel": null, "phone2": null, "institution": null, "department": null, "address": null, "city": null, "firstlogin": null, "lastlogin": null, "lastip": null, "picture": 0, "description": "", "timecreated": "2022-05-27T18:52:07.506Z", "timemodified": "2022-06-29T15:29:43.979Z", "imagealt": null, "is_staff": false, "is_active": true, "is_superuser": false, "last_login": null, "date_joined": "2022-05-27T18:52:07.506Z", "user_type": 1, "groups": [], "user_permissions": []}},
    {"model": "AppUser.customuser", "pk": 74, "fields": {"password": "pbkdf2_sha256$320000$unLX1DtRIhHOA88cymMzx1$4nm2NUAHGKGhVxMXBul/hK8uVBN7H7eWn+RB6/KDPwA=", "deleted": false, "suspended": false, "username": "profe8", "firstname": "profe8", "lastname": "prof8", "email": "pac@email36.com", "birthdate": null, "phonel": null, "phone2": null, "institution": null, "department": null, "address": null, "city": null, "firstlogin": null, "lastlogin": null, "lastip": null, "picture": 0, "description": "", "timecreated": "2022-05-23T16:21:18.130Z", "timemodified": "2022-06-29T15:16:07.923Z", "imagealt": null, "is_staff": false, "is_active": true, "is_superuser": false, "last_login": null, "date_joined": "2022-05-23T16:21:18.130Z", "user_type": 1, "groups": [], "user_permissions": []}},
    {"model": "AppUser.customuser", "pk": 75, "fields": {"password": "pbkdf2_sha256$320000$sQAExQkObAnntdFCwvkgKy$ysu+/raCQ+FpKtXUqNiEssmv+A8UCxaqqQP5VSBomEg=", "deleted": false, "suspended": false, "username": "user29", "firstname": "juan", "lastname": "juanin", "email": "pac@email37.com", "birthdate": null, "phonel": null, "phone2": null, "institution": null, "department": null, "address": null, "city": null, "firstlogin": null, "lastlogin": null, "lastip": null, "picture": 0, "description": "", "timecreated": "2022-05-24T15:45:00.518Z", "timemodified": "2022-06-29T15:29:44.137Z", "imagealt": null, "is_staff": false, "is_active": true, "is_superuser": false, "last_login": null, "date_joined": "2022-05-24T15:45:00.518Z", "user_type": 1, "groups": [], "user_permissions": []}},
    {"model": "AppUser.customuser", "pk": 76, "fields": {"password": "pbkdf2_sha256$320000$rlQFTwyshHucarVAsXA5mY$jO9P0iXqu6qHBTm20303HZg3cgmU2rFxDjXYIlay0zY=", "deleted": false, "suspended": false, "username": "user30", "firstname": "jorge", "lastname": "jorgeto", "email": "pac@email38.com", "birthdate": null, "phonel": null, "phone2": null, "institution": null, "department": null, "address": null, "city": null, "firstlogin": null, "lastlogin": null, "lastip": null, "picture": 0, "description": "", "timecreated": "2022-05-24T15:45:00.523Z", "timemodified": "2022-06-29T15:29:44.307Z", "imagealt": null, "is_staff": false, "is_active": true, "is_superuser": false, "last_login": null, "date_joined": "2022-05-24T15:45:00.523Z", "user_type": 1, "groups": [], "user_permissions": []}},
    {"model": "AppUser.customuser", "pk": 77, "fields": {"password": "pbkdf2_sha256$320000$6UVL1Ew0B4xVPzcAQvaIqH$hwKaeBfMSq5M2AevifKUXrJJVnEYX0BBv3L3CZLven4=", "deleted": false, "suspended": false, "username": "user31", "firstname": "manuel", "lastname": "manolo", "email": "pac@email39.com", "birthdate": null, "phonel": null, "phone2": null, "institution": null, "department": null, "address": null, "city": null, "firstlogin": null, "lastlogin": null, "lastip": null, "picture": 0, "description": "", "timecreated": "2022-05-24T15:45:00.528Z", "timemodified": "2022-06-29T15:29:44.476Z", "imagealt": null, "is_staff": false, "is_active": true, "is_superuser": false, "last_login": null, "date_joined": "2022-05-24T15:45:00.528Z", "user_type": 1, "groups": [], "user_permissions": []}},
    {"model": "AppUser.customuser", "pk": 78, "fields": {"password": "pbkdf2_sha256$320000$Lo8GMjfp3WZEg0EXqkw4Eh$ftoK9ttoAYl++NrYyNs7Uu7oxfCRKBzX1nrrJ4/hjqw=", "deleted": false, "suspended": false, "username": "user32", "firstname": "pork", "lastname": "chop", "email": "pac@email40.com", "birthdate": null, "phonel": null, "phone2": null, "institution": null, "department": null, "address": null, "city": null, "firstlogin": null, "lastlogin": null, "lastip": null, "picture": 0, "description": "", "timecreated": "2022-05-27T18:52:07.506Z", "timemodified": "2022-06-29T15:29:44.641Z", "imagealt": null, "is_staff": false, "is_active": true, "is_superuser": false, "last_login": null, "date_joined": "2022-05-27T18:52:07.506Z", "user_type": 1, "groups": [], "user_permissions": []}},
    {"model": "AppUser.customuser", "pk": 79, "fields": {"password": "pbkdf2_sha256$320000$eQUCIkRO9AFMPOkCO2mMHg$SakxR9xsFHNddMg+iXBmrtorOauMmjei0+ZMMINz8Mg=", "deleted": false, "suspended": false, "username": "profe9", "firstname": "profe9", "lastname": "prof9", "email": "pac@email41.com", "birthdate": null, "phonel": null, "phone2": null, "institution": null, "department": null, "address": null, "city": null, "firstlogin": null, "lastlogin": null, "lastip": null, "picture": 0, "description": "", "timecreated": "2022-05-23T16:21:18.130Z", "timemodified": "2022-06-29T15:16:08.622Z", "imagealt": null, "is_staff": false, "is_active": true, "is_superuser": false, "last_login": null, "date_joined": "2022-05-23T16:21:18.130Z", "user_type": 1, "groups": [], "user_permissions": []}},
    {"model": "AppUser.customuser", "pk": 80, "fields": {"password": "pbkdf2_sha256$320000$CQbh7XY4CY0SotXsdXNRPQ$Df/0bdpsVzyvjBI/hm+2kUcoW8SbP/AW+Adl5NuFM+M=", "deleted": false, "suspended": false, "username": "user33", "firstname": "juan", "lastname": "juanin", "email": "pac@email42.com", "birthdate": null, "phonel": null, "phone2": null, "institution": null, "department": null, "address": null, "city": null, "firstlogin": null, "lastlogin": null, "lastip": null, "picture": 0, "description": "", "timecreated": "2022-05-24T15:45:00.518Z", "timemodified": "2022-06-29T15:29:44.804Z", "imagealt": null, "is_staff": false, "is_active": true, "is_superuser": false, "last_login": null, "date_joined": "2022-05-24T15:45:00.518Z", "user_type": 1, "groups": [], "user_permissions": []}},
    {"model": "AppUser.customuser", "pk": 81, "fields": {"password": "pbkdf2_sha256$320000$9KWVut5L59gWHouHgHNvbx$MxK3UwCXWv6tzvgGvoQGVDMn9OK/RCPhDYqqE+z15Mk=", "deleted": false, "suspended": false, "username": "user34", "firstname": "jorge", "lastname": "jorgeto", "email": "pac@email43.com", "birthdate": null, "phonel": null, "phone2": null, "institution": null, "department": null, "address": null, "city": null, "firstlogin": null, "lastlogin": null, "lastip": null, "picture": 0, "description": "", "timecreated": "2022-05-24T15:45:00.523Z", "timemodified": "2022-06-29T15:29:44.962Z", "imagealt": null, "is_staff": false, "is_active": true, "is_superuser": false, "last_login": null, "date_joined": "2022-05-24T15:45:00.523Z", "user_type": 1, "groups": [], "user_permissions": []}},
    {"model": "AppUser.customuser", "pk": 82, "fields": {"password": "pbkdf2_sha256$320000$vZKdUSOkAUr6Elf5ZH7myI$UJj2eT2hNwbcmMoMaaQ0zE5rP9i02Elbc4mRN5WH1Dw=", "deleted": false, "suspended": false, "username": "user35", "firstname": "manuel", "lastname": "manolo", "email": "pac@email44.com", "birthdate": null, "phonel": null, "phone2": null, "institution": null, "department": null, "address": null, "city": null, "firstlogin": null, "lastlogin": null, "lastip": null, "picture": 0, "description": "", "timecreated": "2022-05-24T15:45:00.528Z", "timemodified": "2022-06-29T15:29:45.127Z", "imagealt": null, "is_staff": false, "is_active": true, "is_superuser": false, "last_login": null, "date_joined": "2022-05-24T15:45:00.528Z", "user_type": 1, "groups": [], "user_permissions": []}},
    {"model": "AppUser.customuser", "pk": 83, "fields": {"password": "pbkdf2_sha256$320000$XmV2QsZNrEdTkiSMx9OO0Z$0SMS5/lSYs3/+kXQG59BW8SRN4qQwQcNuaVQ8bbWcZw=", "deleted": false, "suspended": false, "username": "user36", "firstname": "pork", "lastname": "chop", "email": "pac@email45.com", "birthdate": null, "phonel": null, "phone2": null, "institution": null, "department": null, "address": null, "city": null, "firstlogin": null, "lastlogin": null, "lastip": null, "picture": 0, "description": "", "timecreated": "2022-05-27T18:52:07.506Z", "timemodified": "2022-06-29T15:29:45.289Z", "imagealt": null, "is_staff": false, "is_active": true, "is_superuser": false, "last_login": null, "date_joined": "2022-05-27T18:52:07.506Z", "user_type": 1, "groups": [], "user_permissions": []}},
    {"model": "AppUser.customuser", "pk": 84, "fields": {"password": "pbkdf2_sha256$320000$t8s156vwRIzYdBQgu8w4uy$De6kUqwcjwhxVTXWy4xfuf/uiIXEKX1X6tdk1BnRSaA=", "deleted": false, "suspended": false, "username": "profe10", "firstname": "profe10", "lastname": "prof10", "email": "pac@email46.com", "birthdate": null, "phonel": null, "phone2": null, "institution": null, "department": null, "address": null, "city": null, "firstlogin": null, "lastlogin": null, "lastip": null, "picture": 0, "description": "", "timecreated": "2022-05-23T16:21:18.130Z", "timemodified": "2022-06-29T15:16:09.330Z", "imagealt": null, "is_staff": false, "is_active": true, "is_superuser": false, "last_login": null, "date_joined": "2022-05-23T16:21:18.130Z", "user_type": 1, "groups": [], "user_permissions": []}},
    {"model": "AppUser.customuser", "pk": 85, "fields": {"password": "pbkdf2_sha256$320000$3Qct3tPYKWogKrmhCbS31J$qsLYXxQWDAozEEJxfvWooaXbO4ej6ny6nrCDl0aZPsI=", "deleted": false, "suspended": false, "username": "user37", "firstname": "juan", "lastname": "juanin", "email": "pac@email47.com", "birthdate": null, "phonel": null, "phone2": null, "institution": null, "department": null, "address": null, "city": null, "firstlogin": null, "lastlogin": null, "lastip": null, "picture": 0, "description": "", "timecreated": "2022-05-24T15:45:00.518Z", "timemodified": "2022-06-29T15:29:45.447Z", "imagealt": null, "is_staff": false, "is_active": true, "is_superuser": false, "last_login": null, "date_joined": "2022-05-24T15:45:00.518Z", "user_type": 1, "groups": [], "user_permissions": []}},
    {"model": "AppUser.customuser", "pk": 86, "fields": {"password": "pbkdf2_sha256$320000$E3FkcfAt02u4YByd9T8ID7$w+qE7ydFp9Vr7S592ykN19TfbO4yYB83f7xsYOYNX6E=", "deleted": false, "suspended": false, "username": "user38", "firstname": "jorge", "lastname": "jorgeto", "email": "pac@email48.com", "birthdate": null, "phonel": null, "phone2": null, "institution": null, "department": null, "address": null, "city": null, "firstlogin": null, "lastlogin": null, "lastip": null, "picture": 0, "description": "", "timecreated": "2022-05-24T15:45:00.523Z", "timemodified": "2022-06-29T15:29:45.610Z", "imagealt": null, "is_staff": false, "is_active": true, "is_superuser": false, "last_login": null, "date_joined": "2022-05-24T15:45:00.523Z", "user_type": 1, "groups": [], "user_permissions": []}},
    {"model": "AppUser.customuser", "pk": 87, "fields": {"password": "pbkdf2_sha256$320000$ynoVNO8dChgLhQpKxyWLZF$JxlKQ1nO83C9STylDkzaUiy41VUqbInTch3G2HHWtJc=", "deleted": false, "suspended": false, "username": "user39", "firstname": "manuel", "lastname": "manolo", "email": "pac@email49.com", "birthdate": null, "phonel": null, "phone2": null, "institution": null, "department": null, "address": null, "city": null, "firstlogin": null, "lastlogin": null, "lastip": null, "picture": 0, "description": "", "timecreated": "2022-05-24T15:45:00.528Z", "timemodified": "2022-06-29T15:29:45.803Z", "imagealt": null, "is_staff": false, "is_active": true, "is_superuser": false, "last_login": null, "date_joined": "2022-05-24T15:45:00.528Z", "user_type": 1, "groups": [], "user_permissions": []}},
    {"model": "AppUser.customuser", "pk": 88, "fields": {"password": "pbkdf2_sha256$320000$3ckk7fpYRRu3U5O74eLDUc$y0K09PrDncC6CXsBpBLZ7DGPFyWouhxTeJrinF/rec4=", "deleted": false, "suspended": false, "username": "user40", "firstname": "pork", "lastname": "chop", "email": "pac@email50.com", "birthdate": null, "phonel": null, "phone2": null, "institution": null, "department": null, "address": null, "city": null, "firstlogin": null, "lastlogin": null, "lastip": null, "picture": 0, "description": "", "timecreated": "2022-05-27T18:52:07.506Z", "timemodified": "2022-06-29T15:29:45.986Z", "imagealt": null, "is_staff": false, "is_active": true, "is_superuser": false, "last_login": null, "date_joined": "2022-05-27T18:52:07.506Z", "user_type": 1, "groups": [], "user_permissions": []}},

    {"model": "AppCourse.course", "pk": 3, "fields": {"summary": "", "visible": true, "timecreated": "2022-06-23T16:46:25.579Z", "timemodified": "2022-06-23T16:46:39.050Z", "grade": 1, "grade_letter": "A", "level": 1, "year": 2022, "class_teacher": 39}},
    {"model": "AppCourse.course", "pk": 4, "fields": {"summary": "", "visible": true, "timecreated": "2022-06-23T16:46:51.214Z", "timemodified": "2022-06-23T16:46:51.214Z", "grade": 1, "grade_letter": "B", "level": 1, "year": 2022, "class_teacher": 39}},
    {"model": "AppCourse.course", "pk": 5, "fields": {"summary": "", "visible": true, "timecreated": "2022-06-23T16:46:51.214Z", "timemodified": "2022-06-23T16:46:51.214Z", "grade": 2, "grade_letter": "A", "level": 1, "year": 2022, "class_teacher": 49}},
    {"model": "AppCourse.course", "pk": 6, "fields": {"summary": "", "visible": true, "timecreated": "2022-06-23T16:46:51.214Z", "timemodified": "2022-06-23T16:46:51.214Z", "grade": 3, "grade_letter": "A", "level": 1, "year": 2022, "class_teacher": 54}},
    {"model": "AppCourse.course", "pk": 7, "fields": {"summary": "", "visible": true, "timecreated": "2022-06-23T16:46:51.214Z", "timemodified": "2022-06-23T16:46:51.214Z", "grade": 4, "grade_letter": "A", "level": 1, "year": 2022, "class_teacher": 59}},
    {"model": "AppCourse.course", "pk": 8, "fields": {"summary": "", "visible": true, "timecreated": "2022-06-23T16:46:51.214Z", "timemodified": "2022-06-23T16:46:51.214Z", "grade": 5, "grade_letter": "A", "level": 1, "year": 2022, "class_teacher": 64}},
    {"model": "AppCourse.course", "pk": 9, "fields": {"summary": "", "visible": true, "timecreated": "2022-06-23T16:46:51.214Z", "timemodified": "2022-06-23T16:46:51.214Z", "grade": 6, "grade_letter": "A", "level": 1, "year": 2022, "class_teacher": 69}},
    
    {"model": "AppCourse.course", "pk": 10, "fields": {"summary": "", "visible": true, "timecreated": "2022-06-23T16:46:51.214Z", "timemodified": "2022-06-23T16:46:51.214Z", "grade": 1, "grade_letter": "A", "level": 2, "year": 2022, "class_teacher": 84}},
    {"model": "AppCourse.course", "pk": 11, "fields": {"summary": "", "visible": true, "timecreated": "2022-06-23T16:46:51.214Z", "timemodified": "2022-06-23T16:46:51.214Z", "grade": 2, "grade_letter": "A", "level": 2, "year": 2022, "class_teacher": 84}},
    
    {"model": "AppCourse.subject", "pk": 4, "fields": {"course": 3, "title": "Lenguaje", "auto_enroll": true, "description": "", "subject_teacher": 39}},
    {"model": "AppCourse.subject", "pk": 5, "fields": {"course": 3, "title": "Matemáticas", "auto_enroll": true, "description": "", "subject_teacher": 49}},
    {"model": "AppCourse.subject", "pk": 6, "fields": {"course": 3, "title": "Ética y Moral", "auto_enroll": false, "description": "", "subject_teacher": 74}},
    {"model": "AppCourse.subject", "pk": 7, "fields": {"course": 4, "title": "Lenguaje", "auto_enroll": true, "description": "", "subject_teacher": 39}},
    {"model": "AppCourse.subject", "pk": 8, "fields": {"course": 4, "title": "Matemáticas", "auto_enroll": true, "description": "", "subject_teacher": 49}},
    {"model": "AppCourse.subject", "pk": 9, "fields": {"course": 4, "title": "Ética y Moral", "auto_enroll": false, "description": "", "subject_teacher": 74}},
    {"model": "AppCourse.subject", "pk": 10, "fields": {"course": 5, "title": "Lenguaje", "auto_enroll": true, "description": "", "subject_teacher": 39}},
    {"model": "AppCourse.subject", "pk": 11, "fields": {"course": 5, "title": "Matemáticas", "auto_enroll": true, "description": "", "subject_teacher": 49}},
    {"model": "AppCourse.subject", "pk": 12, "fields": {"course": 5, "title": "Ética y Moral", "auto_enroll": false, "description": "", "subject_teacher": 74}},
    {"model": "AppCourse.subject", "pk": 13, "fields": {"course": 6, "title": "Lenguaje", "auto_enroll": true, "description": "", "subject_teacher": 39}},
    {"model": "AppCourse.subject", "pk": 14, "fields": {"course": 6, "title": "Matemáticas", "auto_enroll": true, "description": "", "subject_teacher": 49}},
    {"model": "AppCourse.subject", "pk": 15, "fields": {"course": 6, "title": "Ética y Moral", "auto_enroll": false, "description": "", "subject_teacher": 74}},
    {"model": "AppCourse.subject", "pk": 16, "fields": {"course": 7, "title": "Lenguaje", "auto_enroll": true, "description": "", "subject_teacher": 39}},
    {"model": "AppCourse.subject", "pk": 17, "fields": {"course": 7, "title": "Matemáticas", "auto_enroll": true, "description": "", "subject_teacher": 54}},
    {"model": "AppCourse.subject", "pk": 18, "fields": {"course": 7, "title": "Ética y Moral", "auto_enroll": false, "description": "", "subject_teacher": 79}},
    {"model": "AppCourse.subject", "pk": 19, "fields": {"course": 8, "title": "Lenguaje", "auto_enroll": true, "description": "", "subject_teacher": 44}},
    {"model": "AppCourse.subject", "pk": 20, "fields": {"course": 8, "title": "Matemáticas", "auto_enroll": true, "description": "", "subject_teacher": 54}},
    {"model": "AppCourse.subject", "pk": 21, "fields": {"course": 8, "title": "Ética y Moral", "auto_enroll": false, "description": "", "subject_teacher": 79}},
    {"model": "AppCourse.subject", "pk": 22, "fields": {"course": 9, "title": "Lenguaje", "auto_enroll": true, "description": "", "subject_teacher": 44}},
    {"model": "AppCourse.subject", "pk": 23, "fields": {"course": 9, "title": "Matemáticas", "auto_enroll": true, "description": "", "subject_teacher": 59}},
    {"model": "AppCourse.subject", "pk": 24, "fields": {"course": 9, "title": "Ética y Moral", "auto_enroll": false, "description": "", "subject_teacher": 79}},
    {"model": "AppCourse.subject", "pk": 25, "fields": {"course": 10, "title": "Lenguaje", "auto_enroll": true, "description": "", "subject_teacher": 44}},
    {"model": "AppCourse.subject", "pk": 26, "fields": {"course": 10, "title": "Matemáticas", "auto_enroll": true, "description": "", "subject_teacher": 64}},
    {"model": "AppCourse.subject", "pk": 27, "fields": {"course": 10, "title": "Ética y Moral", "auto_enroll": false, "description": "", "subject_teacher": 84}},
    {"model": "AppCourse.subject", "pk": 28, "fields": {"course": 11, "title": "Lenguaje", "auto_enroll": true, "description": "", "subject_teacher": 44}},
    {"model": "AppCourse.subject", "pk": 29, "fields": {"course": 11, "title": "Matemáticas", "auto_enroll": true, "description": "", "subject_teacher": 69}},
    {"model": "AppCourse.subject", "pk": 30, "fields": {"course": 11, "title": "Ética y Moral", "auto_enroll": false, "description": "", "subject_teacher": 84}},

    {"model": "AppUser.enrollmentsubject", "pk": 121, "fields": {"student": 40, "subject": 4, "status": true, "timecreated": "2022-06-29T15:29:39.650Z", "timemodified": "2022-06-29T15:29:39.650Z"}},
    {"model": "AppUser.enrollmentsubject", "pk": 122, "fields": {"student": 40, "subject": 5, "status": true, "timecreated": "2022-06-29T15:29:39.655Z", "timemodified": "2022-06-29T15:29:39.655Z"}},
    {"model": "AppUser.enrollmentsubject", "pk": 123, "fields": {"student": 41, "subject": 4, "status": true, "timecreated": "2022-06-29T15:29:39.810Z", "timemodified": "2022-06-29T15:29:39.810Z"}},
    {"model": "AppUser.enrollmentsubject", "pk": 124, "fields": {"student": 41, "subject": 5, "status": true, "timecreated": "2022-06-29T15:29:39.815Z", "timemodified": "2022-06-29T15:29:39.815Z"}},
    {"model": "AppUser.enrollmentsubject", "pk": 125, "fields": {"student": 42, "subject": 7, "status": true, "timecreated": "2022-06-29T15:29:39.968Z", "timemodified": "2022-06-29T15:29:39.968Z"}},
    {"model": "AppUser.enrollmentsubject", "pk": 126, "fields": {"student": 42, "subject": 8, "status": true, "timecreated": "2022-06-29T15:29:39.973Z", "timemodified": "2022-06-29T15:29:39.974Z"}},
    {"model": "AppUser.enrollmentsubject", "pk": 127, "fields": {"student": 43, "subject": 7, "status": true, "timecreated": "2022-06-29T15:29:40.123Z", "timemodified": "2022-06-29T15:29:40.123Z"}},
    {"model": "AppUser.enrollmentsubject", "pk": 128, "fields": {"student": 43, "subject": 8, "status": true, "timecreated": "2022-06-29T15:29:40.129Z", "timemodified": "2022-06-29T15:29:40.129Z"}},
    {"model": "AppUser.enrollmentsubject", "pk": 129, "fields": {"student": 45, "subject": 7, "status": true, "timecreated": "2022-06-29T15:29:40.281Z", "timemodified": "2022-06-29T15:29:40.281Z"}},
    {"model": "AppUser.enrollmentsubject", "pk": 130, "fields": {"student": 45, "subject": 8, "status": true, "timecreated": "2022-06-29T15:29:40.286Z", "timemodified": "2022-06-29T15:29:40.286Z"}},
    {"model": "AppUser.enrollmentsubject", "pk": 131, "fields": {"student": 46, "subject": 10, "status": true, "timecreated": "2022-06-29T15:29:40.455Z", "timemodified": "2022-06-29T15:29:40.455Z"}},
    {"model": "AppUser.enrollmentsubject", "pk": 132, "fields": {"student": 46, "subject": 11, "status": true, "timecreated": "2022-06-29T15:29:40.465Z", "timemodified": "2022-06-29T15:29:40.465Z"}},
    {"model": "AppUser.enrollmentsubject", "pk": 133, "fields": {"student": 47, "subject": 10, "status": true, "timecreated": "2022-06-29T15:29:40.624Z", "timemodified": "2022-06-29T15:29:40.625Z"}},
    {"model": "AppUser.enrollmentsubject", "pk": 134, "fields": {"student": 47, "subject": 11, "status": true, "timecreated": "2022-06-29T15:29:40.631Z", "timemodified": "2022-06-29T15:29:40.631Z"}},
    {"model": "AppUser.enrollmentsubject", "pk": 135, "fields": {"student": 48, "subject": 10, "status": true, "timecreated": "2022-06-29T15:29:40.782Z", "timemodified": "2022-06-29T15:29:40.782Z"}},
    {"model": "AppUser.enrollmentsubject", "pk": 136, "fields": {"student": 48, "subject": 11, "status": true, "timecreated": "2022-06-29T15:29:40.788Z", "timemodified": "2022-06-29T15:29:40.788Z"}},
    {"model": "AppUser.enrollmentsubject", "pk": 137, "fields": {"student": 50, "subject": 13, "status": true, "timecreated": "2022-06-29T15:29:40.943Z", "timemodified": "2022-06-29T15:29:40.943Z"}},
    {"model": "AppUser.enrollmentsubject", "pk": 138, "fields": {"student": 50, "subject": 14, "status": true, "timecreated": "2022-06-29T15:29:40.950Z", "timemodified": "2022-06-29T15:29:40.950Z"}},
    {"model": "AppUser.enrollmentsubject", "pk": 139, "fields": {"student": 51, "subject": 13, "status": true, "timecreated": "2022-06-29T15:29:41.104Z", "timemodified": "2022-06-29T15:29:41.104Z"}},
    {"model": "AppUser.enrollmentsubject", "pk": 140, "fields": {"student": 51, "subject": 14, "status": true, "timecreated": "2022-06-29T15:29:41.111Z", "timemodified": "2022-06-29T15:29:41.111Z"}},
    {"model": "AppUser.enrollmentsubject", "pk": 141, "fields": {"student": 52, "subject": 16, "status": true, "timecreated": "2022-06-29T15:29:41.264Z", "timemodified": "2022-06-29T15:29:41.264Z"}},
    {"model": "AppUser.enrollmentsubject", "pk": 142, "fields": {"student": 52, "subject": 17, "status": true, "timecreated": "2022-06-29T15:29:41.270Z", "timemodified": "2022-06-29T15:29:41.270Z"}},
    {"model": "AppUser.enrollmentsubject", "pk": 143, "fields": {"student": 53, "subject": 16, "status": true, "timecreated": "2022-06-29T15:29:41.428Z", "timemodified": "2022-06-29T15:29:41.428Z"}},
    {"model": "AppUser.enrollmentsubject", "pk": 144, "fields": {"student": 53, "subject": 17, "status": true, "timecreated": "2022-06-29T15:29:41.435Z", "timemodified": "2022-06-29T15:29:41.435Z"}},
    {"model": "AppUser.enrollmentsubject", "pk": 145, "fields": {"student": 55, "subject": 16, "status": true, "timecreated": "2022-06-29T15:29:41.588Z", "timemodified": "2022-06-29T15:29:41.588Z"}},
    {"model": "AppUser.enrollmentsubject", "pk": 146, "fields": {"student": 55, "subject": 17, "status": true, "timecreated": "2022-06-29T15:29:41.594Z", "timemodified": "2022-06-29T15:29:41.594Z"}},
    {"model": "AppUser.enrollmentsubject", "pk": 147, "fields": {"student": 56, "subject": 16, "status": true, "timecreated": "2022-06-29T15:29:41.749Z", "timemodified": "2022-06-29T15:29:41.749Z"}},
    {"model": "AppUser.enrollmentsubject", "pk": 148, "fields": {"student": 56, "subject": 17, "status": true, "timecreated": "2022-06-29T15:29:41.755Z", "timemodified": "2022-06-29T15:29:41.755Z"}},
    {"model": "AppUser.enrollmentsubject", "pk": 149, "fields": {"student": 57, "subject": 16, "status": true, "timecreated": "2022-06-29T15:29:41.908Z", "timemodified": "2022-06-29T15:29:41.908Z"}},
    {"model": "AppUser.enrollmentsubject", "pk": 150, "fields": {"student": 57, "subject": 17, "status": true, "timecreated": "2022-06-29T15:29:41.914Z", "timemodified": "2022-06-29T15:29:41.914Z"}},
    {"model": "AppUser.enrollmentsubject", "pk": 151, "fields": {"student": 58, "subject": 16, "status": true, "timecreated": "2022-06-29T15:29:42.071Z", "timemodified": "2022-06-29T15:29:42.071Z"}},
    {"model": "AppUser.enrollmentsubject", "pk": 152, "fields": {"student": 58, "subject": 17, "status": true, "timecreated": "2022-06-29T15:29:42.077Z", "timemodified": "2022-06-29T15:29:42.077Z"}},
    {"model": "AppUser.enrollmentsubject", "pk": 153, "fields": {"student": 60, "subject": 19, "status": true, "timecreated": "2022-06-29T15:29:42.228Z", "timemodified": "2022-06-29T15:29:42.228Z"}},
    {"model": "AppUser.enrollmentsubject", "pk": 154, "fields": {"student": 60, "subject": 20, "status": true, "timecreated": "2022-06-29T15:29:42.234Z", "timemodified": "2022-06-29T15:29:42.234Z"}},
    {"model": "AppUser.enrollmentsubject", "pk": 155, "fields": {"student": 61, "subject": 19, "status": true, "timecreated": "2022-06-29T15:29:42.383Z", "timemodified": "2022-06-29T15:29:42.383Z"}},
    {"model": "AppUser.enrollmentsubject", "pk": 156, "fields": {"student": 61, "subject": 20, "status": true, "timecreated": "2022-06-29T15:29:42.388Z", "timemodified": "2022-06-29T15:29:42.388Z"}},
    {"model": "AppUser.enrollmentsubject", "pk": 157, "fields": {"student": 62, "subject": 19, "status": true, "timecreated": "2022-06-29T15:29:42.540Z", "timemodified": "2022-06-29T15:29:42.540Z"}},
    {"model": "AppUser.enrollmentsubject", "pk": 158, "fields": {"student": 62, "subject": 20, "status": true, "timecreated": "2022-06-29T15:29:42.547Z", "timemodified": "2022-06-29T15:29:42.547Z"}},
    {"model": "AppUser.enrollmentsubject", "pk": 159, "fields": {"student": 63, "subject": 19, "status": true, "timecreated": "2022-06-29T15:29:42.701Z", "timemodified": "2022-06-29T15:29:42.701Z"}},
    {"model": "AppUser.enrollmentsubject", "pk": 160, "fields": {"student": 63, "subject": 20, "status": true, "timecreated": "2022-06-29T15:29:42.707Z", "timemodified": "2022-06-29T15:29:42.707Z"}},
    {"model": "AppUser.enrollmentsubject", "pk": 161, "fields": {"student": 65, "subject": 19, "status": true, "timecreated": "2022-06-29T15:29:42.866Z", "timemodified": "2022-06-29T15:29:42.866Z"}},
    {"model": "AppUser.enrollmentsubject", "pk": 162, "fields": {"student": 65, "subject": 20, "status": true, "timecreated": "2022-06-29T15:29:42.872Z", "timemodified": "2022-06-29T15:29:42.872Z"}},
    {"model": "AppUser.enrollmentsubject", "pk": 163, "fields": {"student": 66, "subject": 19, "status": true, "timecreated": "2022-06-29T15:29:43.028Z", "timemodified": "2022-06-29T15:29:43.028Z"}},
    {"model": "AppUser.enrollmentsubject", "pk": 164, "fields": {"student": 66, "subject": 20, "status": true, "timecreated": "2022-06-29T15:29:43.035Z", "timemodified": "2022-06-29T15:29:43.035Z"}},
    {"model": "AppUser.enrollmentsubject", "pk": 165, "fields": {"student": 67, "subject": 19, "status": true, "timecreated": "2022-06-29T15:29:43.186Z", "timemodified": "2022-06-29T15:29:43.186Z"}},
    {"model": "AppUser.enrollmentsubject", "pk": 166, "fields": {"student": 67, "subject": 20, "status": true, "timecreated": "2022-06-29T15:29:43.193Z", "timemodified": "2022-06-29T15:29:43.193Z"}},
    {"model": "AppUser.enrollmentsubject", "pk": 167, "fields": {"student": 68, "subject": 22, "status": true, "timecreated": "2022-06-29T15:29:43.348Z", "timemodified": "2022-06-29T15:29:43.348Z"}},
    {"model": "AppUser.enrollmentsubject", "pk": 168, "fields": {"student": 68, "subject": 23, "status": true, "timecreated": "2022-06-29T15:29:43.354Z", "timemodified": "2022-06-29T15:29:43.354Z"}},
    {"model": "AppUser.enrollmentsubject", "pk": 169, "fields": {"student": 70, "subject": 22, "status": true, "timecreated": "2022-06-29T15:29:43.513Z", "timemodified": "2022-06-29T15:29:43.513Z"}},
    {"model": "AppUser.enrollmentsubject", "pk": 170, "fields": {"student": 70, "subject": 23, "status": true, "timecreated": "2022-06-29T15:29:43.520Z", "timemodified": "2022-06-29T15:29:43.520Z"}},
    {"model": "AppUser.enrollmentsubject", "pk": 171, "fields": {"student": 71, "subject": 22, "status": true, "timecreated": "2022-06-29T15:29:43.673Z", "timemodified": "2022-06-29T15:29:43.673Z"}},
    {"model": "AppUser.enrollmentsubject", "pk": 172, "fields": {"student": 71, "subject": 23, "status": true, "timecreated": "2022-06-29T15:29:43.678Z", "timemodified": "2022-06-29T15:29:43.678Z"}},
    {"model": "AppUser.enrollmentsubject", "pk": 173, "fields": {"student": 72, "subject": 22, "status": true, "timecreated": "2022-06-29T15:29:43.834Z", "timemodified": "2022-06-29T15:29:43.834Z"}},
    {"model": "AppUser.enrollmentsubject", "pk": 174, "fields": {"student": 72, "subject": 23, "status": true, "timecreated": "2022-06-29T15:29:43.839Z", "timemodified": "2022-06-29T15:29:43.839Z"}},
    {"model": "AppUser.enrollmentsubject", "pk": 175, "fields": {"student": 73, "subject": 22, "status": true, "timecreated": "2022-06-29T15:29:43.992Z", "timemodified": "2022-06-29T15:29:43.992Z"}},
    {"model": "AppUser.enrollmentsubject", "pk": 176, "fields": {"student": 73, "subject": 23, "status": true, "timecreated": "2022-06-29T15:29:43.998Z", "timemodified": "2022-06-29T15:29:43.998Z"}},
    {"model": "AppUser.enrollmentsubject", "pk": 177, "fields": {"student": 75, "subject": 22, "status": true, "timecreated": "2022-06-29T15:29:44.151Z", "timemodified": "2022-06-29T15:29:44.151Z"}},
    {"model": "AppUser.enrollmentsubject", "pk": 178, "fields": {"student": 75, "subject": 23, "status": true, "timecreated": "2022-06-29T15:29:44.158Z", "timemodified": "2022-06-29T15:29:44.158Z"}},
    {"model": "AppUser.enrollmentsubject", "pk": 179, "fields": {"student": 76, "subject": 22, "status": true, "timecreated": "2022-06-29T15:29:44.331Z", "timemodified": "2022-06-29T15:29:44.331Z"}},
    {"model": "AppUser.enrollmentsubject", "pk": 180, "fields": {"student": 76, "subject": 23, "status": true, "timecreated": "2022-06-29T15:29:44.337Z", "timemodified": "2022-06-29T15:29:44.337Z"}},
    {"model": "AppUser.enrollmentsubject", "pk": 181, "fields": {"student": 77, "subject": 25, "status": true, "timecreated": "2022-06-29T15:29:44.490Z", "timemodified": "2022-06-29T15:29:44.490Z"}},
    {"model": "AppUser.enrollmentsubject", "pk": 182, "fields": {"student": 77, "subject": 26, "status": true, "timecreated": "2022-06-29T15:29:44.497Z", "timemodified": "2022-06-29T15:29:44.497Z"}},
    {"model": "AppUser.enrollmentsubject", "pk": 183, "fields": {"student": 78, "subject": 25, "status": true, "timecreated": "2022-06-29T15:29:44.656Z", "timemodified": "2022-06-29T15:29:44.656Z"}},
    {"model": "AppUser.enrollmentsubject", "pk": 184, "fields": {"student": 78, "subject": 26, "status": true, "timecreated": "2022-06-29T15:29:44.662Z", "timemodified": "2022-06-29T15:29:44.662Z"}},
    {"model": "AppUser.enrollmentsubject", "pk": 185, "fields": {"student": 80, "subject": 25, "status": true, "timecreated": "2022-06-29T15:29:44.819Z", "timemodified": "2022-06-29T15:29:44.819Z"}},
    {"model": "AppUser.enrollmentsubject", "pk": 186, "fields": {"student": 80, "subject": 26, "status": true, "timecreated": "2022-06-29T15:29:44.824Z", "timemodified": "2022-06-29T15:29:44.824Z"}},
    {"model": "AppUser.enrollmentsubject", "pk": 187, "fields": {"student": 81, "subject": 25, "status": true, "timecreated": "2022-06-29T15:29:44.980Z", "timemodified": "2022-06-29T15:29:44.980Z"}},
    {"model": "AppUser.enrollmentsubject", "pk": 188, "fields": {"student": 81, "subject": 26, "status": true, "timecreated": "2022-06-29T15:29:44.986Z", "timemodified": "2022-06-29T15:29:44.986Z"}},
    {"model": "AppUser.enrollmentsubject", "pk": 189, "fields": {"student": 82, "subject": 25, "status": true, "timecreated": "2022-06-29T15:29:45.141Z", "timemodified": "2022-06-29T15:29:45.141Z"}},
    {"model": "AppUser.enrollmentsubject", "pk": 190, "fields": {"student": 82, "subject": 26, "status": true, "timecreated": "2022-06-29T15:29:45.147Z", "timemodified": "2022-06-29T15:29:45.147Z"}},
    {"model": "AppUser.enrollmentsubject", "pk": 191, "fields": {"student": 83, "subject": 25, "status": true, "timecreated": "2022-06-29T15:29:45.303Z", "timemodified": "2022-06-29T15:29:45.303Z"}},
    {"model": "AppUser.enrollmentsubject", "pk": 192, "fields": {"student": 83, "subject": 26, "status": true, "timecreated": "2022-06-29T15:29:45.311Z", "timemodified": "2022-06-29T15:29:45.311Z"}},
    {"model": "AppUser.enrollmentsubject", "pk": 193, "fields": {"student": 85, "subject": 28, "status": true, "timecreated": "2022-06-29T15:29:45.462Z", "timemodified": "2022-06-29T15:29:45.462Z"}},
    {"model": "AppUser.enrollmentsubject", "pk": 194, "fields": {"student": 85, "subject": 29, "status": true, "timecreated": "2022-06-29T15:29:45.467Z", "timemodified": "2022-06-29T15:29:45.467Z"}},
    {"model": "AppUser.enrollmentsubject", "pk": 195, "fields": {"student": 86, "subject": 28, "status": true, "timecreated": "2022-06-29T15:29:45.635Z", "timemodified": "2022-06-29T15:29:45.636Z"}},
    {"model": "AppUser.enrollmentsubject", "pk": 196, "fields": {"student": 86, "subject": 29, "status": true, "timecreated": "2022-06-29T15:29:45.645Z", "timemodified": "2022-06-29T15:29:45.645Z"}},
    {"model": "AppUser.enrollmentsubject", "pk": 197, "fields": {"student": 87, "subject": 28, "status": true, "timecreated": "2022-06-29T15:29:45.825Z", "timemodified": "2022-06-29T15:29:45.825Z"}},
    {"model": "AppUser.enrollmentsubject", "pk": 198, "fields": {"student": 87, "subject": 29, "status": true, "timecreated": "2022-06-29T15:29:45.835Z", "timemodified": "2022-06-29T15:29:45.835Z"}},
    {"model": "AppUser.enrollmentsubject", "pk": 199, "fields": {"student": 88, "subject": 28, "status": true, "timecreated": "2022-06-29T15:29:46.002Z", "timemodified": "2022-06-29T15:29:46.003Z"}},
    {"model": "AppUser.enrollmentsubject", "pk": 200, "fields": {"student": 88, "subject": 29, "status": true, "timecreated": "2022-06-29T15:29:46.009Z", "timemodified": "2022-06-29T15:29:46.009Z"}},
    
    {"model": "AppUser.enrollmentcourse", "pk": 66, "fields": {"student": 40, "course": 3, "status": true, "timecreated": "2022-06-29T15:29:39.642Z", "timemodified": "2022-06-29T15:29:39.642Z"}},
    {"model": "AppUser.enrollmentcourse", "pk": 67, "fields": {"student": 41, "course": 3, "status": true, "timecreated": "2022-06-29T15:29:39.804Z", "timemodified": "2022-06-29T15:29:39.804Z"}},
    {"model": "AppUser.enrollmentcourse", "pk": 68, "fields": {"student": 42, "course": 4, "status": true, "timecreated": "2022-06-29T15:29:39.962Z", "timemodified": "2022-06-29T15:29:39.962Z"}},
    {"model": "AppUser.enrollmentcourse", "pk": 69, "fields": {"student": 43, "course": 4, "status": true, "timecreated": "2022-06-29T15:29:40.117Z", "timemodified": "2022-06-29T15:29:40.117Z"}},
    {"model": "AppUser.enrollmentcourse", "pk": 70, "fields": {"student": 45, "course": 4, "status": true, "timecreated": "2022-06-29T15:29:40.273Z", "timemodified": "2022-06-29T15:29:40.273Z"}},
    {"model": "AppUser.enrollmentcourse", "pk": 71, "fields": {"student": 46, "course": 5, "status": true, "timecreated": "2022-06-29T15:29:40.447Z", "timemodified": "2022-06-29T15:29:40.447Z"}},
    {"model": "AppUser.enrollmentcourse", "pk": 72, "fields": {"student": 47, "course": 5, "status": true, "timecreated": "2022-06-29T15:29:40.616Z", "timemodified": "2022-06-29T15:29:40.616Z"}},
    {"model": "AppUser.enrollmentcourse", "pk": 73, "fields": {"student": 48, "course": 5, "status": true, "timecreated": "2022-06-29T15:29:40.775Z", "timemodified": "2022-06-29T15:29:40.775Z"}},
    {"model": "AppUser.enrollmentcourse", "pk": 74, "fields": {"student": 50, "course": 6, "status": true, "timecreated": "2022-06-29T15:29:40.935Z", "timemodified": "2022-06-29T15:29:40.935Z"}},
    {"model": "AppUser.enrollmentcourse", "pk": 75, "fields": {"student": 51, "course": 6, "status": true, "timecreated": "2022-06-29T15:29:41.098Z", "timemodified": "2022-06-29T15:29:41.098Z"}},
    {"model": "AppUser.enrollmentcourse", "pk": 76, "fields": {"student": 52, "course": 7, "status": true, "timecreated": "2022-06-29T15:29:41.257Z", "timemodified": "2022-06-29T15:29:41.257Z"}},
    {"model": "AppUser.enrollmentcourse", "pk": 77, "fields": {"student": 53, "course": 7, "status": true, "timecreated": "2022-06-29T15:29:41.420Z", "timemodified": "2022-06-29T15:29:41.420Z"}},
    {"model": "AppUser.enrollmentcourse", "pk": 78, "fields": {"student": 55, "course": 7, "status": true, "timecreated": "2022-06-29T15:29:41.581Z", "timemodified": "2022-06-29T15:29:41.581Z"}},
    {"model": "AppUser.enrollmentcourse", "pk": 79, "fields": {"student": 56, "course": 7, "status": true, "timecreated": "2022-06-29T15:29:41.740Z", "timemodified": "2022-06-29T15:29:41.740Z"}},
    {"model": "AppUser.enrollmentcourse", "pk": 80, "fields": {"student": 57, "course": 7, "status": true, "timecreated": "2022-06-29T15:29:41.901Z", "timemodified": "2022-06-29T15:29:41.901Z"}},
    {"model": "AppUser.enrollmentcourse", "pk": 81, "fields": {"student": 58, "course": 7, "status": true, "timecreated": "2022-06-29T15:29:42.064Z", "timemodified": "2022-06-29T15:29:42.064Z"}},
    {"model": "AppUser.enrollmentcourse", "pk": 82, "fields": {"student": 60, "course": 8, "status": true, "timecreated": "2022-06-29T15:29:42.220Z", "timemodified": "2022-06-29T15:29:42.220Z"}},
    {"model": "AppUser.enrollmentcourse", "pk": 83, "fields": {"student": 61, "course": 8, "status": true, "timecreated": "2022-06-29T15:29:42.376Z", "timemodified": "2022-06-29T15:29:42.376Z"}},
    {"model": "AppUser.enrollmentcourse", "pk": 84, "fields": {"student": 62, "course": 8, "status": true, "timecreated": "2022-06-29T15:29:42.533Z", "timemodified": "2022-06-29T15:29:42.533Z"}},
    {"model": "AppUser.enrollmentcourse", "pk": 85, "fields": {"student": 63, "course": 8, "status": true, "timecreated": "2022-06-29T15:29:42.695Z", "timemodified": "2022-06-29T15:29:42.695Z"}},
    {"model": "AppUser.enrollmentcourse", "pk": 86, "fields": {"student": 65, "course": 8, "status": true, "timecreated": "2022-06-29T15:29:42.857Z", "timemodified": "2022-06-29T15:29:42.857Z"}},
    {"model": "AppUser.enrollmentcourse", "pk": 87, "fields": {"student": 66, "course": 8, "status": true, "timecreated": "2022-06-29T15:29:43.020Z", "timemodified": "2022-06-29T15:29:43.020Z"}},
    {"model": "AppUser.enrollmentcourse", "pk": 88, "fields": {"student": 67, "course": 8, "status": true, "timecreated": "2022-06-29T15:29:43.178Z", "timemodified": "2022-06-29T15:29:43.178Z"}},
    {"model": "AppUser.enrollmentcourse", "pk": 89, "fields": {"student": 68, "course": 9, "status": true, "timecreated": "2022-06-29T15:29:43.341Z", "timemodified": "2022-06-29T15:29:43.341Z"}},
    {"model": "AppUser.enrollmentcourse", "pk": 90, "fields": {"student": 70, "course": 9, "status": true, "timecreated": "2022-06-29T15:29:43.504Z", "timemodified": "2022-06-29T15:29:43.505Z"}},
    {"model": "AppUser.enrollmentcourse", "pk": 91, "fields": {"student": 71, "course": 9, "status": true, "timecreated": "2022-06-29T15:29:43.665Z", "timemodified": "2022-06-29T15:29:43.665Z"}},
    {"model": "AppUser.enrollmentcourse", "pk": 92, "fields": {"student": 72, "course": 9, "status": true, "timecreated": "2022-06-29T15:29:43.827Z", "timemodified": "2022-06-29T15:29:43.827Z"}},
    {"model": "AppUser.enrollmentcourse", "pk": 93, "fields": {"student": 73, "course": 9, "status": true, "timecreated": "2022-06-29T15:29:43.985Z", "timemodified": "2022-06-29T15:29:43.985Z"}},
    {"model": "AppUser.enrollmentcourse", "pk": 94, "fields": {"student": 75, "course": 9, "status": true, "timecreated": "2022-06-29T15:29:44.144Z", "timemodified": "2022-06-29T15:29:44.144Z"}},
    {"model": "AppUser.enrollmentcourse", "pk": 95, "fields": {"student": 76, "course": 9, "status": true, "timecreated": "2022-06-29T15:29:44.317Z", "timemodified": "2022-06-29T15:29:44.317Z"}},
    {"model": "AppUser.enrollmentcourse", "pk": 96, "fields": {"student": 77, "course": 10, "status": true, "timecreated": "2022-06-29T15:29:44.483Z", "timemodified": "2022-06-29T15:29:44.483Z"}},
    {"model": "AppUser.enrollmentcourse", "pk": 97, "fields": {"student": 78, "course": 10, "status": true, "timecreated": "2022-06-29T15:29:44.648Z", "timemodified": "2022-06-29T15:29:44.648Z"}},
    {"model": "AppUser.enrollmentcourse", "pk": 98, "fields": {"student": 80, "course": 10, "status": true, "timecreated": "2022-06-29T15:29:44.811Z", "timemodified": "2022-06-29T15:29:44.811Z"}},
    {"model": "AppUser.enrollmentcourse", "pk": 99, "fields": {"student": 81, "course": 10, "status": true, "timecreated": "2022-06-29T15:29:44.970Z", "timemodified": "2022-06-29T15:29:44.970Z"}},
    {"model": "AppUser.enrollmentcourse", "pk": 100, "fields": {"student": 82, "course": 10, "status": true, "timecreated": "2022-06-29T15:29:45.134Z", "timemodified": "2022-06-29T15:29:45.134Z"}},
    {"model": "AppUser.enrollmentcourse", "pk": 101, "fields": {"student": 83, "course": 10, "status": true, "timecreated": "2022-06-29T15:29:45.297Z", "timemodified": "2022-06-29T15:29:45.298Z"}},
    {"model": "AppUser.enrollmentcourse", "pk": 102, "fields": {"student": 85, "course": 11, "status": true, "timecreated": "2022-06-29T15:29:45.454Z", "timemodified": "2022-06-29T15:29:45.454Z"}},
    {"model": "AppUser.enrollmentcourse", "pk": 103, "fields": {"student": 86, "course": 11, "status": true, "timecreated": "2022-06-29T15:29:45.621Z", "timemodified": "2022-06-29T15:29:45.621Z"}},
    {"model": "AppUser.enrollmentcourse", "pk": 104, "fields": {"student": 87, "course": 11, "status": true, "timecreated": "2022-06-29T15:29:45.815Z", "timemodified": "2022-06-29T15:29:45.815Z"}},
    {"model": "AppUser.enrollmentcourse", "pk": 105, "fields": {"student": 88, "course": 11, "status": true, "timecreated": "2022-06-29T15:29:45.995Z", "timemodified": "2022-06-29T15:29:45.995Z"}}]